,Architecture,Min Watts,Max Watts,GB/Chip
0,Skylake,0.616810282475461,3.8315897449019256,80.2051282051282
1,Broadwell,0.7128342245989304,3.385747304812834,69.6470588235294
2,Haswell,12.869117647058825,5.539791259655377,31.272727272727273
3,EPYC 2nd Gen,0.4742621527777777,1.575187293981481,129.77777777777777
4,Cascade Lake,0.6867884751303118,3.74019873926142,107.2
5,EPYC 3rd Gen,0.43422929067460314,1.8187376567460316,128.0
6,Ivy Bridge,1.7074305555555556,5.492941535353536,17.454545454545453
7,Sandy Bridge,2.1694411458333334,8.550185877430936,16.480916030534353
