,Architecture,Min Watts,Max Watts,GB/Chip
0,Skylake,0.6446044454253452,4.192793840152925,80.43037974683544
1,Broadwell,0.7128342245989304,3.6846030737967914,69.6470588235294
2,Haswell,1.9005681818181814,6.012470292232671,27.310344827586206
3,EPYC 2nd Gen,0.4742621527777778,1.6925640717592596,129.77777777777777
4,Cascade Lake,0.6389493581523519,3.966541267727091,98.11764705882354
5,EPYC 3rd Gen,0.44538981119791665,2.0189357994791663,128.0
6,Ivy Bridge,3.0369270833333335,8.248246115555556,14.933333333333334
7,Sandy Bridge,2.1694411458333334,8.574902699313887,16.480916030534353
