,Architecture,Min Watts,Max Watts,GB/Chip
0,Skylake,0.4303571428571429,3.3622360000000002,96.0
1,Broadwell,0.5102272727272728,3.0066421818181817,64.0
2,Haswell,20.8,32.743728,16.0
3,EPYC 2nd Gen,0.4015625,1.621699,128.0
4,Cascade Lake,0.5571428571428572,3.603307428571428,96.0
5,EPYC 3rd Gen,0.36953125,1.493398,128.0
6,Ivy Bridge,2.4274999999999998,5.787456,16.0
7,Sandy Bridge,2.16875,9.834342,12.0
